hcp_id,first_name,last_name,specialty,facility,years_of_practice,state,city,zip_code,email,phone,territory_id,potential_score,influence_score,created_at
HCP00001,Danielle,Johnson,Pediatrician,Hospital,2,NC,Johnberg,97031,danielle.johnson@rhodes.com,001-260-501-3389,T04,77,5,2023-01-01
HCP00002,Jennifer,Miles,Neurologist,Private Practice,7,MO,Robinsonshire,36964,jennifer.miles@blake.biz,942-335-1161x55940,T02,79,9,2023-01-01
HCP00003,Teresa,Gray,Internal Medicine,Medical Center,3,CA,Mariastad,76175,teresa.gray@bush.com,001-341-431-6475x25534,T02,66,5,2023-01-01
HCP00004,Amanda,Sanchez,Neurologist,Private Practice,33,WI,Grayside,29286,amanda.sanchez@nguyen.com,564-613-9537x67242,T01,93,7,2023-01-01
HCP00005,Julie,Patterson,Primary Care,Private Practice,35,AZ,Coxberg,67285,julie.patterson@davis-williams.com,(626)291-6697,T04,62,7,2023-01-01
HCP00006,Erin,Wilson,Rheumatologist,Health System,18,CA,Kaylamouth,15122,erin.wilson@graham-chavez.com,728.914.8932x52880,T03,63,5,2023-01-01
HCP00007,Andrew,Hickman,Geriatrician,Medical Center,22,NC,Johnbury,74865,andrew.hickman@miller.com,001-682-827-8248x96383,T03,73,2,2023-01-01
HCP00008,Wanda,Santos,Neurologist,Clinic,7,FL,Lammouth,16361,wanda.santos@walker.com,001-383-293-0103,T07,44,4,2023-01-01
HCP00009,Michele,Jones,Endocrinologist,Clinic,23,WI,West Elizabeth,28581,michele.jones@anderson.info,876.931.1656,T05,54,6,2023-01-01
HCP00010,Michelle,Brown,Cardiologist,Medical Center,35,NY,North Richardmouth,14823,michelle.brown@lee.info,(362)247-3178,T07,56,3,2023-01-01
HCP00011,Denise,Fernandez,Endocrinologist,Health System,19,WI,North Sarabury,22299,denise.fernandez@tucker-lewis.biz,9264064746,T06,91,5,2023-01-01
HCP00012,James,Robinson,Internal Medicine,Private Practice,5,TX,New Jillton,98539,james.robinson@brown-silva.net,220.381.2191x36193,T04,71,3,2023-01-01
HCP00013,Robert,Silva,Oncologist,Hospital,15,NY,Sarahborough,88283,robert.silva@edwards.com,651.407.9911x838,T07,61,6,2023-01-01
HCP00014,Sarah,Ibarra,Oncologist,Medical Center,24,IL,West Justin,57934,sarah.ibarra@warner.net,4846124118,T06,52,6,2023-01-01
HCP00015,Juan,Clark,Psychiatrist,Private Practice,18,FL,Jamesview,66745,juan.clark@king-odonnell.com,964-800-5242,T10,60,5,2023-01-01
HCP00016,Ann,Rodriguez,Pediatrician,Private Practice,35,GA,New Barry,48894,ann.rodriguez@tran.com,4535315869,T03,60,9,2023-01-01
HCP00017,Michelle,Cherry,Rheumatologist,Medical Center,18,MO,South Angel,97043,michelle.cherry@patton-jenkins.com,521-260-7337x543,T04,69,3,2023-01-01
HCP00018,Donna,Ross,Pediatrician,Clinic,4,GA,Michelleview,46526,donna.ross@hicks.com,8147294019,T01,82,3,2023-01-01
HCP00019,Jessica,Edwards,Psychiatrist,Medical Center,18,FL,South Rachelborough,33887,jessica.edwards@fletcher.net,+1-635-661-5951,T04,73,2,2023-01-01
HCP00020,Elizabeth,Nguyen,Internal Medicine,Clinic,14,TN,Angelaborough,55609,elizabeth.nguyen@bentley.org,001-746-980-4436,T07,50,6,2023-01-01
HCP00021,Scott,Lowe,Pediatrician,Medical Center,10,NC,Leonburgh,86857,scott.lowe@campbell.org,813-543-3200x37917,T03,81,6,2023-01-01
HCP00022,Jennifer,Cruz,Neurologist,Health System,35,NC,Sancheztown,98931,jennifer.cruz@osborne.com,001-787-908-3172x788,T10,68,5,2023-01-01
HCP00023,Cheyenne,Ball,Pulmonologist,Health System,26,VA,Rivasside,58947,cheyenne.ball@manning.info,734-787-3471x434,T04,47,4,2023-01-01
HCP00024,Patricia,Miller,Gastroenterologist,Health System,32,FL,East Patrick,20529,patricia.miller@lewis.info,(803)566-9096x70546,T01,63,8,2023-01-01
HCP00025,Tracy,Nelson,Endocrinologist,Private Practice,11,AZ,Johnsonmouth,88171,tracy.nelson@yates.com,+1-280-669-9016x272,T10,75,2,2023-01-01
HCP00026,Nicholas,Lewis,Endocrinologist,Medical Center,25,WI,Matthewfurt,36972,nicholas.lewis@king-miller.com,001-580-453-1003x3092,T08,74,5,2023-01-01
HCP00027,Thomas,Wilson,Primary Care,Clinic,1,NY,South Holly,48852,thomas.wilson@obrien.com,001-324-619-0496x63193,T09,59,7,2023-01-01
HCP00028,Melissa,Burke,Oncologist,Clinic,8,MI,Port Tonyaton,46009,melissa.burke@patterson.com,4676165726,T07,85,7,2023-01-01
HCP00029,Christina,Gillespie,Gastroenterologist,Medical Center,1,NC,Marshallshire,35680,christina.gillespie@christian-rivas.com,973-579-9650x752,T09,57,5,2023-01-01
HCP00030,Michael,Green,Gastroenterologist,Health System,7,MI,Nicoleview,73349,michael.green@black.com,367.683.7770,T09,74,7,2023-01-01
HCP00031,Jeffrey,Holt,Internal Medicine,Private Practice,10,VA,Elizabethstad,62532,jeffrey.holt@schmidt.com,(574)544-3135x182,T03,62,5,2023-01-01
HCP00032,Joanna,Hill,Primary Care,Health System,1,WI,Tinaborough,39330,joanna.hill@ward.com,001-682-940-0842x710,T06,53,3,2023-01-01
HCP00033,Timothy,Peterson,Rheumatologist,Hospital,8,VA,West Shelleyfort,15454,timothy.peterson@morales.org,+1-502-829-4131x8699,T05,82,8,2023-01-01
HCP00034,Shannon,Ramos,Neurologist,Hospital,16,MD,Torreston,80406,shannon.ramos@garcia.com,+1-212-532-8120x67974,T02,68,8,2023-01-01
HCP00035,Keith,Campbell,Endocrinologist,Medical Center,5,MO,Jonesbury,35176,keith.campbell@lawrence.com,+1-632-942-1024,T03,75,4,2023-01-01
HCP00036,David,Barker,Gastroenterologist,Medical Center,11,NC,Benderhaven,71277,david.barker@kim-george.biz,001-459-940-1399x0490,T09,75,9,2023-01-01
HCP00037,April,Ramos,Internal Medicine,Medical Center,14,MO,Howardshire,57633,april.ramos@olsen.biz,651-725-6746x80715,T04,69,9,2023-01-01
HCP00038,Darrell,Barton,Geriatrician,Clinic,26,VA,Lake Mollymouth,54666,darrell.barton@lopez.org,001-577-403-4824x77109,T08,30,7,2023-01-01
HCP00039,Lance,Smith,Primary Care,Medical Center,8,GA,Davisville,60983,lance.smith@holland.info,001-548-446-7737x826,T04,71,5,2023-01-01
HCP00040,Michelle,Hill,Endocrinologist,Clinic,2,MD,Morganhaven,35519,michelle.hill@campbell.org,001-872-978-7558,T09,71,2,2023-01-01
HCP00041,Sarah,Kane,Neurologist,Health System,15,CA,New Patrick,54342,sarah.kane@flores.biz,(227)402-8951x7187,T02,66,6,2023-01-01
HCP00042,Robert,Pena,Geriatrician,Hospital,15,FL,North Terrance,35238,robert.pena@hanson-sanders.com,386-357-8091x34316,T01,92,4,2023-01-01
HCP00043,Scott,Benson,Psychiatrist,Hospital,33,GA,North Markton,38953,scott.benson@brooks-thomas.net,(992)622-1969x37923,T05,57,4,2023-01-01
HCP00044,Steve,Estrada,Pediatrician,Medical Center,14,MO,Santanaside,21207,steve.estrada@alexander.org,664-674-3671x3695,T03,83,6,2023-01-01
HCP00045,Andrew,Greer,Geriatrician,Health System,31,GA,Hillshire,90390,andrew.greer@beltran.com,001-739-453-3942x10470,T08,62,7,2023-01-01
HCP00046,Christopher,Phillips,Pulmonologist,Private Practice,7,NY,Thompsonberg,71202,christopher.phillips@schmidt-mcintyre.com,374-851-7123x685,T07,71,7,2023-01-01
HCP00047,Alexander,Herrera,Psychiatrist,Medical Center,27,MA,Richardsonview,77120,alexander.herrera@carson-bentley.com,+1-437-209-8593x17461,T01,59,5,2023-01-01
HCP00048,Sophia,Torres,Pediatrician,Hospital,4,WA,Wilsonbury,70958,sophia.torres@price.net,(592)761-7964x05377,T06,64,3,2023-01-01
HCP00049,Cory,Jennings,Endocrinologist,Private Practice,13,OH,Bruceview,25379,cory.jennings@rush.com,+1-539-500-5329x31839,T09,74,6,2023-01-01
HCP00050,Mark,Hernandez,Rheumatologist,Private Practice,28,IL,West Micheleberg,17539,mark.hernandez@king.com,(205)439-5024,T05,70,5,2023-01-01
HCP00051,Judy,Fox,Rheumatologist,Private Practice,5,MA,South Shanestad,67772,judy.fox@rodriguez.com,001-384-770-0766x1771,T09,48,5,2023-01-01
HCP00052,Charlene,Jones,Endocrinologist,Hospital,35,CA,Claudiashire,72375,charlene.jones@nguyen.info,896.311.8367x36576,T02,64,4,2023-01-01
HCP00053,Larry,Edwards,Neurologist,Private Practice,27,TN,Nicholasberg,90524,larry.edwards@jones-decker.com,(215)628-0988x51656,T08,67,6,2023-01-01
HCP00054,Caroline,Bell,Neurologist,Medical Center,4,IL,East Diane,29893,caroline.bell@bell.com,249-636-8998,T07,98,6,2023-01-01
HCP00055,Anthony,Nelson,Cardiologist,Medical Center,17,MA,Sandrastad,01301,anthony.nelson@kane.biz,720-418-3667,T05,73,5,2023-01-01
HCP00056,Mitchell,Griffith,Pulmonologist,Health System,32,PA,North Ericton,88839,mitchell.griffith@nelson.biz,997.664.3815x6149,T04,41,5,2023-01-01
HCP00057,Brandon,Foster,Oncologist,Private Practice,4,MD,North Jamesborough,18488,brandon.foster@roberts-wilson.info,001-862-226-8388x5160,T09,70,10,2023-01-01
HCP00058,Steve,Miller,Cardiologist,Clinic,4,TX,Barbarashire,53509,steve.miller@bowman.com,(897)351-6136,T10,67,6,2023-01-01
HCP00059,Randy,Collins,Rheumatologist,Health System,34,IL,Jeffreyburgh,10512,randy.collins@schultz.com,(923)912-4329x212,T01,69,3,2023-01-01
HCP00060,Karen,Wolf,Primary Care,Hospital,12,FL,Maldonadoshire,84779,karen.wolf@downs.com,(771)377-4490,T10,87,7,2023-01-01
HCP00061,Lance,Hayes,Endocrinologist,Private Practice,26,NY,West Marieland,84998,lance.hayes@gilbert.biz,298.907.9359x782,T10,81,4,2023-01-01
HCP00062,Dale,Nolan,Neurologist,Health System,3,WI,Toniland,66633,dale.nolan@thompson.info,789.325.5466x59051,T02,91,3,2023-01-01
HCP00063,Angela,Hughes,Pulmonologist,Health System,34,NJ,Jenniferberg,44195,angela.hughes@aguilar.com,762-291-4865x2816,T05,78,10,2023-01-01
HCP00064,Michael,White,Neurologist,Clinic,16,NC,West Stacey,64237,michael.white@perez.com,441-888-8059,T07,55,4,2023-01-01
HCP00065,Eric,White,Gastroenterologist,Clinic,30,NJ,Lake Samuel,54353,eric.white@rhodes-young.info,+1-947-638-3473x597,T02,71,4,2023-01-01
HCP00066,Kimberly,Shaw,Cardiologist,Medical Center,7,FL,Burchborough,79755,kimberly.shaw@salas.info,(881)381-4124x782,T09,46,6,2023-01-01
HCP00067,Stacey,Walker,Neurologist,Health System,17,PA,Wilkersontown,54882,stacey.walker@sanders.com,(415)930-5152x2047,T06,54,6,2023-01-01
HCP00068,Shane,Smith,Endocrinologist,Private Practice,24,MI,North Jonathanberg,72433,shane.smith@lynch.com,510-436-9711x7980,T03,56,9,2023-01-01
HCP00069,Kelly,Smith,Rheumatologist,Health System,20,WI,Johnchester,25052,kelly.smith@barnett.net,+1-788-680-6706,T09,58,5,2023-01-01
HCP00070,Julie,Kelly,Cardiologist,Health System,20,NY,West Johnville,76772,julie.kelly@sherman.com,+1-227-772-2170x4303,T03,82,3,2023-01-01
HCP00071,Sarah,Robertson,Oncologist,Hospital,7,MO,Kingborough,38002,sarah.robertson@atkins-williams.com,615-366-7652x775,T03,73,8,2023-01-01
HCP00072,Jessica,Miller,Oncologist,Clinic,14,NJ,New Kelly,13948,jessica.miller@murphy.com,296.327.5705x964,T04,45,6,2023-01-01
HCP00073,Emily,Sullivan,Pediatrician,Clinic,33,TN,North Douglas,80136,emily.sullivan@harrington.com,(469)709-2755x719,T05,73,7,2023-01-01
HCP00074,Raymond,Banks,Cardiologist,Hospital,28,NC,North Anthony,24886,raymond.banks@holmes-mcintyre.com,447-939-4731x217,T01,51,3,2023-01-01
HCP00075,Wendy,Cochran,Cardiologist,Clinic,9,NC,Elizabethland,72590,wendy.cochran@roberts.com,(783)913-2370x589,T03,77,6,2023-01-01
HCP00076,Linda,Arnold,Geriatrician,Medical Center,28,MO,North Kylefort,69404,linda.arnold@hammond-morrow.com,(451)477-8528,T01,73,6,2023-01-01
HCP00077,Ryan,Bartlett,Endocrinologist,Hospital,10,MO,Port Davidberg,40363,ryan.bartlett@martin.com,(384)414-3842x498,T01,59,6,2023-01-01
HCP00078,Brittany,Carpenter,Psychiatrist,Health System,10,AZ,Lake Claudia,79817,brittany.carpenter@kirby-elliott.com,909-643-9690,T03,74,4,2023-01-01
HCP00079,Dawn,Turner,Cardiologist,Clinic,24,TX,Port Lindsay,53728,dawn.turner@chavez-barker.com,467.773.5925x556,T06,97,6,2023-01-01
HCP00080,Zachary,Rodriguez,Neurologist,Private Practice,7,VA,South David,59430,zachary.rodriguez@thomas.com,(996)632-5953x2787,T09,52,7,2023-01-01
HCP00081,Tyler,Davis,Pulmonologist,Health System,10,GA,Wagnerbury,28700,tyler.davis@gomez.info,580-716-2456x5060,T03,55,7,2023-01-01
HCP00082,Angela,Jones,Gastroenterologist,Medical Center,2,IL,Duranview,82190,angela.jones@carr.com,985-923-9868x00025,T06,87,4,2023-01-01
HCP00083,Eduardo,Barry,Pulmonologist,Private Practice,18,IL,West Sarah,42251,eduardo.barry@long.com,001-258-788-7947,T02,84,6,2023-01-01
HCP00084,Mark,Rodriguez,Pulmonologist,Hospital,31,GA,Silvatown,78739,mark.rodriguez@baker-rios.org,001-430-597-2896,T04,82,9,2023-01-01
HCP00085,Anthony,Vaughan,Rheumatologist,Clinic,20,GA,East Andrewmouth,55391,anthony.vaughan@gutierrez.biz,997.702.8385x78652,T04,66,4,2023-01-01
HCP00086,Amy,Lowe,Cardiologist,Private Practice,26,NJ,Chelseaborough,32812,amy.lowe@grant-walker.com,001-843-775-7584x41986,T05,56,4,2023-01-01
HCP00087,Stephanie,Ballard,Endocrinologist,Clinic,23,IN,Bobbyland,45899,stephanie.ballard@douglas-burgess.com,584.584.2199,T07,68,6,2023-01-01
HCP00088,Brent,Stein,Pediatrician,Health System,22,CA,Lake Jesse,13634,brent.stein@rivera-kennedy.com,6822677345,T02,74,7,2023-01-01
HCP00089,Rebecca,Davis,Oncologist,Private Practice,17,TX,New Joanne,05389,rebecca.davis@butler.com,(972)440-0499x1547,T02,70,8,2023-01-01
HCP00090,Melissa,Mcdonald,Internal Medicine,Medical Center,23,NJ,Port Daniel,21799,melissa.mcdonald@stevens.com,493-929-6685x1612,T07,66,10,2023-01-01
HCP00091,Marcus,Wright,Internal Medicine,Health System,8,WA,Patrickmouth,99297,marcus.wright@finley-turner.org,8456301742,T10,79,4,2023-01-01
HCP00092,Hannah,Fowler,Neurologist,Clinic,3,AZ,Michaelbury,29222,hannah.fowler@mendoza.org,(768)378-3391x878,T01,53,6,2023-01-01
HCP00093,Samantha,Rodriguez,Primary Care,Health System,13,VA,New Amanda,22067,samantha.rodriguez@bond-ramos.com,001-297-918-7072x867,T07,66,7,2023-01-01
HCP00094,Emily,Parker,Endocrinologist,Clinic,21,NY,South Jonathantown,98255,emily.parker@lane.biz,(718)801-7046x226,T05,77,5,2023-01-01
HCP00095,Shane,Stark,Primary Care,Clinic,27,NJ,Bennettside,17932,shane.stark@dalton.biz,723.400.4786x86337,T07,57,2,2023-01-01
HCP00096,Joshua,Pineda,Geriatrician,Clinic,9,OH,North Lisachester,81100,joshua.pineda@allen.com,+1-207-490-3067x383,T07,63,7,2023-01-01
HCP00097,William,Roberts,Pediatrician,Medical Center,12,WI,Barbaramouth,31552,william.roberts@walter-odom.net,964.240.8926,T10,73,3,2023-01-01
HCP00098,Teresa,David,Oncologist,Medical Center,1,MI,Floydmouth,91767,teresa.david@russell-evans.com,001-487-833-4270x86688,T05,72,6,2023-01-01
HCP00099,John,Harris,Neurologist,Medical Center,21,MA,South Melanieland,70707,john.harris@calderon.org,+1-501-539-8373x540,T08,56,6,2023-01-01
HCP00100,Suzanne,Wilson,Rheumatologist,Private Practice,33,TN,Rochaborough,52488,suzanne.wilson@arnold.biz,585.744.5877x175,T03,70,3,2023-01-01
HCP00101,Lawrence,Williams,Pediatrician,Hospital,19,IN,Lake Dustin,34681,lawrence.williams@donovan.com,653.969.3785,T10,75,7,2023-01-01
HCP00102,Tammy,May,Psychiatrist,Hospital,16,MI,Murraystad,22686,tammy.may@cortez.com,+1-508-301-0062,T04,86,8,2023-01-01
HCP00103,Jasmine,Smith,Neurologist,Private Practice,2,TX,Brooksfort,86914,jasmine.smith@smith-patel.biz,4083484086,T04,49,4,2023-01-01
HCP00104,Samantha,Warren,Rheumatologist,Health System,5,MA,East Christine,33585,samantha.warren@adams-sanders.com,(979)233-4101x6668,T07,77,7,2023-01-01
HCP00105,Dana,Warner,Pediatrician,Health System,13,WA,South Meganmouth,74668,dana.warner@jacobson.com,297.440.1489,T08,77,10,2023-01-01
HCP00106,Sarah,Edwards,Pulmonologist,Private Practice,10,CA,New Douglas,93917,sarah.edwards@hickman-evans.org,796.285.6218,T02,78,8,2023-01-01
HCP00107,Connor,Hall,Pulmonologist,Private Practice,12,IN,West Cassiefurt,43279,connor.hall@walters.info,658.566.2961,T08,84,7,2023-01-01
HCP00108,Jennifer,Miller,Cardiologist,Health System,16,NY,South Jennifer,83587,jennifer.miller@singh.com,310-447-5412,T08,65,7,2023-01-01
HCP00109,Ryan,Hawkins,Gastroenterologist,Medical Center,34,MO,Garcialand,46889,ryan.hawkins@davis.biz,4468618398,T10,58,5,2023-01-01
HCP00110,Gavin,Adams,Psychiatrist,Medical Center,33,AZ,Trevorland,22417,gavin.adams@hill-evans.com,(843)779-9371x240,T09,62,6,2023-01-01
HCP00111,Meagan,James,Rheumatologist,Private Practice,31,MA,Scottchester,85833,meagan.james@taylor.com,752.365.4793x5646,T05,100,2,2023-01-01
HCP00112,Sarah,Gonzalez,Neurologist,Clinic,34,TN,Lake Katrina,04028,sarah.gonzalez@murray.com,001-916-972-4342x661,T04,80,2,2023-01-01
HCP00113,Brandi,Ferguson,Oncologist,Medical Center,5,MI,Stephensstad,92465,brandi.ferguson@wheeler.com,+1-552-990-9656x10143,T04,62,8,2023-01-01
HCP00114,Neil,Ford,Oncologist,Clinic,21,MO,West Whitney,63778,neil.ford@phillips.com,001-925-745-7387x5717,T02,70,3,2023-01-01
HCP00115,Carlos,Williams,Gastroenterologist,Private Practice,15,WA,North Melindaville,89255,carlos.williams@spears.com,228.525.8673x62266,T03,59,7,2023-01-01
HCP00116,Shannon,Jordan,Geriatrician,Private Practice,5,AZ,Lake Jasonview,99109,shannon.jordan@stokes.net,(755)837-1478,T07,59,6,2023-01-01
HCP00117,Cheryl,Matthews,Psychiatrist,Health System,30,AZ,Michaelmouth,81419,cheryl.matthews@cervantes.com,+1-891-825-1341x252,T01,70,4,2023-01-01
HCP00118,Candace,Andrews,Neurologist,Medical Center,25,MD,Lopezside,91390,candace.andrews@arias.com,(425)579-0507,T01,100,7,2023-01-01
HCP00119,Lisa,Maynard,Internal Medicine,Medical Center,31,CA,Ortizfort,54978,lisa.maynard@larsen.com,001-334-304-3842x79788,T06,39,6,2023-01-01
HCP00120,Joseph,Daniels,Oncologist,Medical Center,27,MO,Amberton,94739,joseph.daniels@payne-fritz.com,001-734-807-4517x1339,T09,60,7,2023-01-01
HCP00121,Gabriel,Taylor,Internal Medicine,Private Practice,32,GA,Port Jamie,08281,gabriel.taylor@bell.com,001-444-594-8126x042,T05,58,5,2023-01-01
HCP00122,Dustin,Morris,Pulmonologist,Medical Center,2,WA,Port Megan,51973,dustin.morris@thomas-chen.biz,(371)916-8457x7590,T06,77,7,2023-01-01
HCP00123,Cynthia,Terry,Pediatrician,Medical Center,11,MA,Port Amandaborough,56815,cynthia.terry@simpson.com,989-929-7500x17012,T03,51,5,2023-01-01
HCP00124,Aaron,Rubio,Internal Medicine,Health System,2,WA,Lake Regina,85697,aaron.rubio@moore-cantu.com,554-815-2064,T10,62,4,2023-01-01
HCP00125,Diana,Padilla,Internal Medicine,Hospital,6,AZ,East Thomasberg,78315,diana.padilla@stone.com,3513627136,T03,96,6,2023-01-01
HCP00126,Dakota,Richardson,Rheumatologist,Private Practice,4,NC,Derrickberg,84593,dakota.richardson@thomas.com,853.726.9731x121,T07,51,7,2023-01-01
HCP00127,Sylvia,Edwards,Psychiatrist,Private Practice,30,NJ,East Joshua,11543,sylvia.edwards@tran.org,804-338-9836x4037,T06,100,8,2023-01-01
HCP00128,John,Little,Pulmonologist,Clinic,27,NC,New Pamelatown,47830,john.little@anderson-valencia.org,(858)627-1091x04300,T02,47,5,2023-01-01
HCP00129,Courtney,Mason,Rheumatologist,Hospital,35,TX,Hendersonfurt,11304,courtney.mason@herrera.com,683-828-5691,T06,89,4,2023-01-01
HCP00130,Jessica,Mathis,Neurologist,Hospital,3,CA,East Christopherchester,15703,jessica.mathis@salazar-brown.com,602-402-7588,T04,76,7,2023-01-01
HCP00131,Nathan,Brady,Neurologist,Hospital,10,GA,Jessicaville,04348,nathan.brady@roman-nelson.com,491-677-8507x925,T03,56,5,2023-01-01
HCP00132,Kerri,Shannon,Rheumatologist,Hospital,14,MA,East Joycetown,06273,kerri.shannon@sanchez.com,(722)308-6353x6541,T05,21,3,2023-01-01
HCP00133,Wayne,Winters,Psychiatrist,Private Practice,8,IL,East Linda,06520,wayne.winters@jones-marshall.com,001-945-718-7053x49493,T05,66,3,2023-01-01
HCP00134,Brittany,Snyder,Endocrinologist,Health System,2,MI,Lake Rachel,32630,brittany.snyder@smith.com,585.505.0641,T10,94,3,2023-01-01
HCP00135,Robert,Woodward,Pediatrician,Medical Center,26,OH,Lake Joshua,06255,robert.woodward@merritt.biz,001-257-819-1826x199,T02,63,6,2023-01-01
HCP00136,Elaine,Anderson,Internal Medicine,Private Practice,7,MI,Josemouth,52006,elaine.anderson@decker.com,932-791-2127,T10,91,3,2023-01-01
HCP00137,Richard,Herrera,Endocrinologist,Health System,3,VA,South Kyle,35236,richard.herrera@davis.com,001-690-635-2135x680,T09,87,6,2023-01-01
HCP00138,Lori,Thompson,Pulmonologist,Clinic,5,IN,Bondside,98553,lori.thompson@wright.com,600-332-3651,T06,55,6,2023-01-01
HCP00139,Andrew,Brown,Cardiologist,Medical Center,32,NY,Lambland,43957,andrew.brown@williams.com,(796)567-0662,T07,72,4,2023-01-01
HCP00140,Rebekah,Hill,Psychiatrist,Medical Center,10,AZ,Stephensonton,80993,rebekah.hill@jensen.net,701.946.2638x3806,T03,71,5,2023-01-01
HCP00141,Amy,Washington,Geriatrician,Health System,18,WI,Paulburgh,03917,amy.washington@harper-johnson.com,5786593213,T09,71,7,2023-01-01
HCP00142,Amanda,Moody,Rheumatologist,Medical Center,28,MD,Port Wendybury,75958,amanda.moody@kelly-combs.com,(439)555-9059,T05,93,3,2023-01-01
HCP00143,Mary,Cochran,Psychiatrist,Private Practice,6,NC,Weaverburgh,64783,mary.cochran@davis.org,708.470.5932,T08,100,2,2023-01-01
HCP00144,Samantha,Richard,Neurologist,Medical Center,25,NJ,Brianberg,77389,samantha.richard@stark.com,456-891-5452,T01,67,7,2023-01-01
HCP00145,Latoya,Yu,Rheumatologist,Clinic,12,TN,Grantside,91407,latoya.yu@buchanan.com,(544)322-0969x0295,T04,74,4,2023-01-01
HCP00146,Sharon,Taylor,Psychiatrist,Clinic,22,NC,East Michaelmouth,22506,sharon.taylor@mcclure.com,904.833.1541x006,T10,66,5,2023-01-01
HCP00147,Tanya,Wilkerson,Geriatrician,Clinic,1,IN,Maciasstad,72069,tanya.wilkerson@garcia-mendoza.org,+1-432-871-0405x4115,T04,61,7,2023-01-01
HCP00148,Eugene,Jones,Endocrinologist,Private Practice,27,TN,West Brookefort,92841,eugene.jones@reynolds.com,+1-662-601-5336x884,T09,75,4,2023-01-01
HCP00149,John,Williams,Neurologist,Medical Center,32,MA,Hernandezstad,01001,john.williams@miller-colon.org,931.603.2417x1467,T01,83,6,2023-01-01
HCP00150,Christopher,Stephens,Endocrinologist,Clinic,15,WA,West Nicole,48919,christopher.stephens@griffin.info,543.249.0211x586,T04,82,7,2023-01-01
HCP00151,Mary,Cardenas,Oncologist,Health System,24,TN,Sheppardfort,75567,mary.cardenas@alvarez.biz,001-508-598-9921x722,T09,57,4,2023-01-01
HCP00152,David,Henderson,Primary Care,Clinic,28,MO,Harrisberg,78495,david.henderson@flores-acosta.com,268-868-5487,T06,81,7,2023-01-01
HCP00153,Daniel,Hernandez,Psychiatrist,Medical Center,18,MI,North Annaville,37999,daniel.hernandez@beard.info,001-897-202-4629,T05,69,6,2023-01-01
HCP00154,Randy,Koch,Neurologist,Hospital,13,NJ,North Julie,35704,randy.koch@smith-roth.com,547-913-2475x4691,T02,89,4,2023-01-01
HCP00155,Jason,Holloway,Geriatrician,Health System,12,OH,Malonestad,07868,jason.holloway@moody.biz,(289)902-3303,T04,78,5,2023-01-01
HCP00156,Brent,Ward,Geriatrician,Medical Center,18,MD,West Micheal,61347,brent.ward@sanders.com,(379)672-7985x524,T09,66,8,2023-01-01
HCP00157,Anthony,Williams,Internal Medicine,Clinic,7,OH,Port Jeffrey,30006,anthony.williams@clark.com,922.690.3494x4665,T05,82,7,2023-01-01
HCP00158,Jeffery,Turner,Neurologist,Clinic,12,MI,Silvatown,67546,jeffery.turner@levy.org,+1-544-417-1545x444,T01,89,6,2023-01-01
HCP00159,Zachary,Allen,Geriatrician,Health System,9,NC,Port Meredithfurt,87078,zachary.allen@becker-griffith.info,746-666-0993x5387,T01,80,5,2023-01-01
HCP00160,Megan,Pittman,Cardiologist,Health System,19,PA,West Connor,17270,megan.pittman@green.com,+1-351-935-3465x54947,T08,74,5,2023-01-01
HCP00161,Brian,Walters,Endocrinologist,Hospital,19,TN,South Pamelahaven,16205,brian.walters@james.com,(335)969-7252,T08,71,7,2023-01-01
HCP00162,Marvin,Hatfield,Rheumatologist,Clinic,12,TX,Cynthiatown,59752,marvin.hatfield@clark-ayala.org,001-527-712-9666x67600,T05,57,10,2023-01-01
HCP00163,Stephanie,Mcclain,Rheumatologist,Hospital,5,WA,North Erica,82642,stephanie.mcclain@wright.com,668-994-2104,T08,54,3,2023-01-01
HCP00164,Jessica,Carlson,Endocrinologist,Health System,4,PA,Ryanberg,45423,jessica.carlson@howard-lopez.biz,3337230982,T03,87,7,2023-01-01
HCP00165,Jennifer,Conner,Internal Medicine,Clinic,6,GA,Mcdowellview,70589,jennifer.conner@williams.com,4165761847,T02,79,7,2023-01-01
HCP00166,Heather,Mccoy,Primary Care,Medical Center,15,IN,Robertville,87333,heather.mccoy@nelson.com,891.641.1739x34835,T07,69,4,2023-01-01
HCP00167,Ethan,Kelley,Rheumatologist,Medical Center,20,MD,Lake Sarah,43833,ethan.kelley@smith.com,597-921-8114,T07,71,4,2023-01-01
HCP00168,Vanessa,Phillips,Oncologist,Health System,4,WI,Williamsburgh,05671,vanessa.phillips@ward-rhodes.biz,001-711-700-2255x7941,T02,84,5,2023-01-01
HCP00169,Ian,Morales,Neurologist,Private Practice,17,FL,Nelsonfurt,90927,ian.morales@marsh-banks.com,920-421-6979,T03,57,5,2023-01-01
HCP00170,Cheryl,Maxwell,Neurologist,Private Practice,5,IL,Port Gabrielleberg,63819,cheryl.maxwell@rodriguez-jenkins.com,345-808-9935,T01,76,4,2023-01-01
HCP00171,Dorothy,Wright,Pulmonologist,Medical Center,31,MI,Elizabethfurt,19985,dorothy.wright@mcclain.com,877.821.7535x40838,T01,57,6,2023-01-01
HCP00172,Lisa,Miller,Neurologist,Clinic,19,MA,Solismouth,12037,lisa.miller@west-wilson.info,001-501-966-0880x1994,T02,73,4,2023-01-01
HCP00173,Stephanie,Cox,Pediatrician,Private Practice,17,MD,Port Jeffreymouth,44013,stephanie.cox@saunders.com,001-371-213-0554x885,T04,62,6,2023-01-01
HCP00174,Penny,Vasquez,Pulmonologist,Hospital,35,GA,Rodriguezborough,25082,penny.vasquez@conrad.com,435.916.0917x798,T03,48,3,2023-01-01
HCP00175,Adam,Fitzgerald,Oncologist,Private Practice,5,TX,Robersonfort,67129,adam.fitzgerald@holt.com,569-695-8669,T03,59,5,2023-01-01
HCP00176,Raymond,Cooper,Oncologist,Health System,19,MA,Shawnberg,18612,raymond.cooper@morrison-tanner.net,785-383-3394x5228,T02,74,8,2023-01-01
HCP00177,Kathleen,Hart,Rheumatologist,Clinic,26,NC,Craigside,37978,kathleen.hart@stokes-mills.com,(220)703-4244x2043,T09,82,5,2023-01-01
HCP00178,Lisa,Garcia,Primary Care,Medical Center,29,FL,Lake Deborah,51473,lisa.garcia@dixon.com,001-906-566-5800x439,T10,69,3,2023-01-01
HCP00179,Rhonda,Bush,Cardiologist,Medical Center,21,WI,Kariside,97291,rhonda.bush@gonzalez.info,(612)628-1606,T05,69,5,2023-01-01
HCP00180,David,Silva,Cardiologist,Hospital,15,MD,Adammouth,93521,david.silva@williams.org,5944798515,T10,74,4,2023-01-01
HCP00181,Abigail,Hartman,Cardiologist,Clinic,3,IL,South Amy,53377,abigail.hartman@bailey.com,554-239-8780x15739,T08,77,9,2023-01-01
HCP00182,Felicia,Flores,Primary Care,Medical Center,18,IL,South Jonathanport,03739,felicia.flores@short.info,504.535.8112x8801,T10,68,6,2023-01-01
HCP00183,Michelle,Coleman,Pulmonologist,Medical Center,6,TN,East Amandachester,85247,michelle.coleman@burgess.com,650.811.0248x193,T06,80,5,2023-01-01
HCP00184,Paul,Mccoy,Pulmonologist,Clinic,21,NY,Stewartfurt,88751,paul.mccoy@nichols.org,390-615-8144,T03,73,6,2023-01-01
HCP00185,Kathy,Kim,Psychiatrist,Medical Center,32,MI,Shorttown,62627,kathy.kim@ferguson.biz,+1-342-245-0882,T07,71,4,2023-01-01
HCP00186,Adam,Carlson,Primary Care,Hospital,30,FL,West Jasonstad,28253,adam.carlson@whitehead-york.com,(223)994-3129,T06,70,6,2023-01-01
HCP00187,Deanna,Jones,Oncologist,Clinic,8,WA,West Coreyshire,64358,deanna.jones@howard-lambert.com,649-413-5775,T09,91,7,2023-01-01
HCP00188,Ariana,Diaz,Cardiologist,Health System,30,AZ,Susanburgh,01134,ariana.diaz@sanchez-walker.biz,452-357-7754x781,T01,100,4,2023-01-01
HCP00189,Meagan,Trevino,Neurologist,Health System,24,WI,New James,96648,meagan.trevino@jones.net,+1-409-796-9308x4887,T08,83,6,2023-01-01
HCP00190,Philip,Vance,Pediatrician,Medical Center,4,OH,Dennishaven,67401,philip.vance@sanders.com,+1-239-528-2722x99275,T05,100,4,2023-01-01
HCP00191,Kathleen,Hall,Primary Care,Private Practice,19,MA,Miketon,88133,kathleen.hall@holmes.biz,870.805.1844x9892,T08,57,4,2023-01-01
HCP00192,Michael,Valdez,Endocrinologist,Hospital,16,IL,New Johnbury,68182,michael.valdez@gomez-parrish.info,490.482.7231x8432,T05,38,4,2023-01-01
HCP00193,Michael,Love,Primary Care,Hospital,27,FL,Lake Jerrymouth,94906,michael.love@olson.info,492.460.3029,T04,58,6,2023-01-01
HCP00194,Crystal,Williams,Endocrinologist,Medical Center,8,PA,North Gabriel,24098,crystal.williams@mullen.com,001-441-637-9772x3692,T08,75,9,2023-01-01
HCP00195,Gary,Jennings,Geriatrician,Clinic,33,NC,Carlsonland,30623,gary.jennings@cruz-rodriguez.com,386.929.1279x90881,T07,84,4,2023-01-01
HCP00196,Donna,Winters,Rheumatologist,Medical Center,16,MA,Port Erikachester,68926,donna.winters@wood-williams.net,(637)865-9916x24731,T09,56,6,2023-01-01
HCP00197,Jonathan,Smith,Gastroenterologist,Medical Center,13,WI,New Alexandrahaven,01443,jonathan.smith@pena-watts.com,(851)526-9448x69594,T09,50,9,2023-01-01
HCP00198,Robert,Bowers,Geriatrician,Private Practice,5,NC,Whiteside,73234,robert.bowers@king-parker.com,001-262-413-7213x86589,T07,87,5,2023-01-01
HCP00199,Paul,Fields,Psychiatrist,Health System,18,CA,Port Dustinchester,12053,paul.fields@baker.com,+1-206-569-8490x277,T05,44,8,2023-01-01
HCP00200,Melissa,Galvan,Geriatrician,Clinic,32,PA,Jameshaven,68109,melissa.galvan@hall.com,+1-302-314-6566x9380,T08,68,8,2023-01-01
HCP00201,Andrea,Barber,Primary Care,Medical Center,23,NJ,Michaelview,30162,andrea.barber@mccarty.com,626-681-8184x518,T09,46,4,2023-01-01
HCP00202,Heather,Church,Primary Care,Medical Center,30,NJ,Carrillomouth,60643,heather.church@murray.com,516-633-5658x804,T04,70,6,2023-01-01
HCP00203,Christopher,Nunez,Geriatrician,Private Practice,25,GA,Charlesburgh,62964,christopher.nunez@gomez-shannon.com,(537)533-3433,T07,63,7,2023-01-01
HCP00204,Mary,Kelly,Cardiologist,Clinic,31,WA,North Samanthafort,80956,mary.kelly@duran.com,459.257.9472x8463,T07,53,5,2023-01-01
HCP00205,Alicia,Henderson,Pediatrician,Private Practice,32,TX,New Michaelburgh,60426,alicia.henderson@wolfe.com,001-600-536-9155x942,T03,71,7,2023-01-01
HCP00206,Joseph,Mullen,Primary Care,Health System,22,NY,Michaelfort,56068,joseph.mullen@barnes.com,(847)529-2931x4386,T08,80,3,2023-01-01
HCP00207,Dustin,Haley,Endocrinologist,Health System,30,CA,South Linda,23649,dustin.haley@porter-cowan.net,+1-357-444-8906,T03,46,8,2023-01-01
HCP00208,Brian,Cervantes,Pulmonologist,Private Practice,5,TN,Combsville,59464,brian.cervantes@cook.com,(706)715-9399x824,T05,74,4,2023-01-01
HCP00209,Emily,Freeman,Psychiatrist,Health System,26,FL,Prestonfurt,80935,emily.freeman@ford-frye.com,+1-656-699-6112x5355,T06,93,6,2023-01-01
HCP00210,Catherine,Foster,Pediatrician,Health System,25,NJ,Normanstad,98529,catherine.foster@meyer.com,(334)913-2611,T08,87,6,2023-01-01
HCP00211,Amy,Johnson,Primary Care,Hospital,5,GA,Warrenland,14123,amy.johnson@montgomery-miller.biz,933-947-2282x0055,T05,100,9,2023-01-01
HCP00212,Theresa,Fernandez,Neurologist,Hospital,28,NY,Amyberg,91939,theresa.fernandez@thompson.org,(488)645-7831x74564,T02,66,7,2023-01-01
HCP00213,Alex,Mills,Rheumatologist,Private Practice,20,CA,West Justin,70637,alex.mills@watts.info,806-549-3085x3686,T01,79,8,2023-01-01
HCP00214,Frank,Mclaughlin,Psychiatrist,Hospital,19,VA,Claytonbury,34970,frank.mclaughlin@henderson.net,001-994-648-4631x22417,T06,55,7,2023-01-01
HCP00215,Jackie,Vasquez,Pulmonologist,Private Practice,16,IN,Andrewton,70620,jackie.vasquez@lopez.com,627-903-1207x356,T07,85,2,2023-01-01
HCP00216,Whitney,Ford,Internal Medicine,Private Practice,11,IL,West Christopherberg,07846,whitney.ford@rowe-jones.info,(534)260-1367,T02,52,1,2023-01-01
HCP00217,James,Moss,Internal Medicine,Medical Center,16,TN,New Elizabethborough,62475,james.moss@maldonado-collins.com,(708)281-4743,T10,65,7,2023-01-01
HCP00218,Michelle,Robinson,Gastroenterologist,Private Practice,30,NC,East Cynthiamouth,02475,michelle.robinson@bauer.com,(330)709-7925x1327,T08,92,6,2023-01-01
HCP00219,Sarah,Shea,Oncologist,Hospital,30,MI,North Michaelberg,92425,sarah.shea@moody.net,+1-657-930-6524x0778,T09,94,3,2023-01-01
HCP00220,James,Lopez,Gastroenterologist,Hospital,29,VA,Mariomouth,36588,james.lopez@rocha.com,744.585.7086x209,T10,44,5,2023-01-01
HCP00221,Malik,Brown,Oncologist,Medical Center,17,MA,Leefort,72782,malik.brown@austin.biz,+1-551-318-1022x0317,T05,75,5,2023-01-01
HCP00222,Anthony,May,Neurologist,Medical Center,31,NY,Barretthaven,82286,anthony.may@garza.com,7372170586,T04,38,5,2023-01-01
HCP00223,Madison,Baker,Pulmonologist,Health System,23,MD,Lake Chadport,10716,madison.baker@yu.com,001-338-763-3839x2886,T05,50,7,2023-01-01
HCP00224,Emily,Park,Geriatrician,Clinic,2,WA,Andradeburgh,24145,emily.park@morales.org,555.885.5665x939,T05,75,4,2023-01-01
HCP00225,Katie,Howe,Cardiologist,Health System,4,WI,Michaelmouth,59155,katie.howe@smith-johnson.com,+1-408-324-0433x504,T08,62,3,2023-01-01
HCP00226,Benjamin,Kelly,Oncologist,Private Practice,23,GA,West Michael,76805,benjamin.kelly@hall.com,001-369-631-5727,T04,69,7,2023-01-01
HCP00227,Benjamin,Stokes,Internal Medicine,Clinic,9,NY,Millerton,44330,benjamin.stokes@hobbs-hamilton.com,001-539-406-0480x58925,T01,55,7,2023-01-01
HCP00228,Brent,Dennis,Oncologist,Medical Center,3,MD,Maddoxshire,66656,brent.dennis@walker.biz,(625)317-9086,T06,62,4,2023-01-01
HCP00229,Raymond,Hamilton,Geriatrician,Private Practice,6,MI,Port Dennis,73809,raymond.hamilton@freeman.org,789.383.3146,T06,68,3,2023-01-01
HCP00230,Daniel,Gutierrez,Geriatrician,Medical Center,12,OH,Michaelmouth,45658,daniel.gutierrez@rios.com,+1-279-527-0335x211,T03,61,3,2023-01-01
HCP00231,Stacy,Mcintosh,Primary Care,Clinic,34,IN,Alexanderville,40493,stacy.mcintosh@ruiz-rivera.net,238.884.8792,T05,99,6,2023-01-01
HCP00232,Brandy,Alvarado,Gastroenterologist,Clinic,31,MI,West Georgeport,26806,brandy.alvarado@williamson.com,864-351-0463,T06,59,6,2023-01-01
HCP00233,Rebecca,Washington,Endocrinologist,Medical Center,5,PA,East Jamesmouth,73991,rebecca.washington@smith.com,862.205.5543x8404,T04,68,5,2023-01-01
HCP00234,Sherry,Avery,Pediatrician,Medical Center,24,FL,East Matthew,51992,sherry.avery@taylor.org,+1-536-439-2649x5782,T07,79,7,2023-01-01
HCP00235,Bianca,Sutton,Cardiologist,Clinic,35,NY,Port Devin,90748,bianca.sutton@roach.com,+1-892-851-8812x5205,T08,62,4,2023-01-01
HCP00236,Kevin,Reese,Psychiatrist,Clinic,25,VA,Edwinborough,14495,kevin.reese@lopez.org,499-993-9330x517,T02,65,1,2023-01-01
HCP00237,Jennifer,Brooks,Pediatrician,Private Practice,31,CA,Henryberg,21968,jennifer.brooks@perez.com,563-833-1279x757,T10,47,8,2023-01-01
HCP00238,Richard,Williams,Primary Care,Clinic,15,FL,Cortezfurt,80652,richard.williams@armstrong.com,517.670.3886x08680,T08,94,5,2023-01-01
HCP00239,Scott,Wilkerson,Geriatrician,Clinic,27,NY,Stevenchester,39091,scott.wilkerson@ellison.info,+1-271-481-2982x6657,T03,78,6,2023-01-01
HCP00240,Shawn,Mosley,Cardiologist,Hospital,20,TN,South Christopher,42978,shawn.mosley@wong.com,417-851-8689,T02,100,8,2023-01-01
HCP00241,Andrea,Williams,Endocrinologist,Private Practice,35,PA,West Ariana,86946,andrea.williams@martin.com,001-206-944-7421x23094,T07,68,4,2023-01-01
HCP00242,Tyler,Jimenez,Rheumatologist,Clinic,35,AZ,New Nicolebury,28927,tyler.jimenez@keller.org,+1-703-284-9830x220,T10,45,6,2023-01-01
HCP00243,Dustin,Johnson,Geriatrician,Private Practice,27,NY,Markland,06927,dustin.johnson@butler.com,+1-749-899-8279x50145,T08,58,3,2023-01-01
HCP00244,Lori,Chang,Internal Medicine,Medical Center,18,TX,West Thomasville,91546,lori.chang@murphy-gutierrez.com,001-739-601-9817x946,T06,60,3,2023-01-01
HCP00245,Alicia,Carney,Neurologist,Medical Center,29,GA,Sarashire,65564,alicia.carney@daniel.org,843.801.0713,T06,95,7,2023-01-01
HCP00246,Brandon,Bailey,Endocrinologist,Clinic,35,VA,North Danielle,90942,brandon.bailey@king-jones.com,785.901.5569x90235,T01,69,8,2023-01-01
HCP00247,Sabrina,Robles,Pulmonologist,Clinic,13,NY,South Eric,60875,sabrina.robles@huang.com,249.758.8039x55124,T08,71,4,2023-01-01
HCP00248,Tonya,Sims,Endocrinologist,Private Practice,2,TX,New Catherine,25061,tonya.sims@wilson.com,001-604-461-7357x438,T06,92,7,2023-01-01
HCP00249,Daniel,Glover,Neurologist,Private Practice,14,FL,North Scott,03769,daniel.glover@stein-moore.com,384.252.1823x0768,T09,54,5,2023-01-01
HCP00250,Larry,Williams,Neurologist,Health System,14,GA,West Steventon,14014,larry.williams@miranda.com,+1-435-633-4485x7142,T06,56,3,2023-01-01
HCP00251,Danny,Mullen,Gastroenterologist,Health System,1,NC,East Amyside,42245,danny.mullen@thomas-bush.com,001-232-414-9587,T03,83,9,2023-01-01
HCP00252,Anthony,Berger,Gastroenterologist,Health System,17,IL,North Patrickland,56398,anthony.berger@white-carlson.org,+1-979-354-5381x7921,T02,49,7,2023-01-01
HCP00253,Stanley,Cohen,Pediatrician,Hospital,9,CA,Ruizbury,19338,stanley.cohen@scott.com,477-301-7157x72459,T06,60,5,2023-01-01
HCP00254,Richard,Klein,Neurologist,Health System,21,CA,West Angelaland,40100,richard.klein@murray.com,+1-827-761-5396,T03,61,4,2023-01-01
HCP00255,Amy,Young,Oncologist,Hospital,9,AZ,Lake Sarahshire,64284,amy.young@vargas.com,+1-817-724-6191,T09,70,4,2023-01-01
HCP00256,Troy,Keller,Endocrinologist,Hospital,31,MA,East Lisashire,99458,troy.keller@pacheco.info,+1-646-699-7335,T06,74,5,2023-01-01
HCP00257,Samantha,Zuniga,Primary Care,Health System,7,MA,Veronicashire,01565,samantha.zuniga@downs.com,2585008514,T09,66,4,2023-01-01
HCP00258,Ryan,Lawrence,Neurologist,Health System,3,IN,Jenniferfurt,50513,ryan.lawrence@gardner-bates.info,(438)265-6242,T05,61,7,2023-01-01
HCP00259,Charles,Smith,Rheumatologist,Hospital,4,TN,Barrettberg,11598,charles.smith@may.info,001-596-492-7868x765,T07,77,4,2023-01-01
HCP00260,Roger,Smith,Pulmonologist,Hospital,32,MA,Bradfordbury,93841,roger.smith@adams.com,6979519712,T02,71,7,2023-01-01
HCP00261,Zachary,Mills,Endocrinologist,Clinic,10,FL,East Thomasland,90163,zachary.mills@ryan.com,+1-707-678-7956,T03,44,7,2023-01-01
HCP00262,Keith,Johnson,Oncologist,Health System,21,WA,Jessicashire,34637,keith.johnson@soto.com,001-304-690-4712,T10,60,7,2023-01-01
HCP00263,Johnathan,Gilbert,Primary Care,Clinic,30,IN,Michaelatown,97681,johnathan.gilbert@munoz.com,+1-475-924-3728x05129,T10,58,2,2023-01-01
HCP00264,Karen,Gutierrez,Pulmonologist,Hospital,8,MO,Youngmouth,95659,karen.gutierrez@jackson.com,+1-841-902-7674x7836,T04,45,6,2023-01-01
HCP00265,Jose,Moreno,Pulmonologist,Medical Center,15,AZ,Smithmouth,50571,jose.moreno@stewart.com,+1-656-894-5441,T06,73,4,2023-01-01
HCP00266,Steven,Leonard,Rheumatologist,Medical Center,27,NY,Lake Emily,26050,steven.leonard@rogers.net,7015061817,T06,79,2,2023-01-01
HCP00267,Jessica,King,Pulmonologist,Clinic,17,VA,North Christineton,78375,jessica.king@shannon.com,001-911-392-6921x244,T03,69,3,2023-01-01
HCP00268,Danielle,Livingston,Pediatrician,Medical Center,5,FL,Kaylamouth,34230,danielle.livingston@norman.com,(465)904-4271x7396,T02,60,6,2023-01-01
HCP00269,Daniel,Fernandez,Endocrinologist,Medical Center,7,VA,Robinsonville,58379,daniel.fernandez@green.com,001-970-972-0064x25690,T03,57,5,2023-01-01
HCP00270,Ryan,Anthony,Primary Care,Hospital,22,NY,New Jeremiahfurt,90843,ryan.anthony@martinez-nichols.com,246-801-5851x74328,T07,85,4,2023-01-01
HCP00271,Donna,Evans,Psychiatrist,Medical Center,4,MI,Mosleystad,64267,donna.evans@mcclure.com,(603)909-3761,T10,82,3,2023-01-01
HCP00272,Amanda,Flowers,Oncologist,Clinic,7,MD,Levytown,05356,amanda.flowers@brown-french.com,(213)987-8293x1027,T09,77,8,2023-01-01
HCP00273,Rebecca,Montgomery,Neurologist,Private Practice,31,GA,Lake Deborah,02383,rebecca.montgomery@chen.com,592.891.1179x931,T02,32,4,2023-01-01
HCP00274,Matthew,Huff,Psychiatrist,Health System,24,NY,Nguyenshire,72051,matthew.huff@morris.com,001-725-411-4262,T05,78,5,2023-01-01
HCP00275,Samuel,Frost,Internal Medicine,Private Practice,28,MO,East Craigfurt,21178,samuel.frost@hobbs.com,4216946723,T10,75,4,2023-01-01
HCP00276,Alexandra,Jenkins,Internal Medicine,Health System,2,WI,New Heather,78655,alexandra.jenkins@love.com,+1-545-960-8331x8195,T05,71,5,2023-01-01
HCP00277,Kaylee,Hopkins,Cardiologist,Private Practice,18,MI,Brianville,20059,kaylee.hopkins@anthony.com,+1-400-454-3645x97010,T06,87,6,2023-01-01
HCP00278,Kristen,Washington,Psychiatrist,Hospital,12,PA,North Pattymouth,78188,kristen.washington@nguyen.com,515.331.3636,T10,75,5,2023-01-01
HCP00279,Thomas,Washington,Pediatrician,Medical Center,5,PA,Thomasmouth,23839,thomas.washington@brooks-ellis.com,+1-954-835-2090x4217,T01,62,5,2023-01-01
HCP00280,George,Cooper,Endocrinologist,Health System,14,WA,Cassandraburgh,76276,george.cooper@wyatt.info,797.874.0633,T07,75,5,2023-01-01
HCP00281,Bethany,Snow,Rheumatologist,Clinic,11,VA,New Rachel,55259,bethany.snow@williams.net,3682671773,T05,74,10,2023-01-01
HCP00282,Heather,Russell,Geriatrician,Clinic,6,TX,East Michael,31835,heather.russell@duarte.com,001-279-390-7726x257,T03,83,5,2023-01-01
HCP00283,Paul,Vazquez,Gastroenterologist,Health System,4,FL,West Ronaldview,91996,paul.vazquez@daniels.com,+1-750-785-0165x790,T05,88,5,2023-01-01
HCP00284,Gregory,Hansen,Rheumatologist,Medical Center,32,WI,New Jennaborough,18642,gregory.hansen@allen-wilson.info,001-793-935-5486x4015,T08,39,3,2023-01-01
HCP00285,Todd,Rose,Pulmonologist,Clinic,14,IN,South Jenniferside,38808,todd.rose@oliver-marsh.com,471.616.2411,T02,41,5,2023-01-01
HCP00286,Daniel,Hernandez,Psychiatrist,Medical Center,8,MI,Port James,82719,daniel.hernandez@carter.net,(275)567-0431,T10,70,9,2023-01-01
HCP00287,Mary,Stone,Rheumatologist,Health System,20,TX,Robertmouth,86452,mary.stone@buchanan.net,+1-577-949-2424,T04,74,5,2023-01-01
HCP00288,Nathan,Roberts,Pulmonologist,Health System,4,CA,East Michaelmouth,22306,nathan.roberts@glass.com,001-422-531-0592x745,T04,82,1,2023-01-01
HCP00289,Anna,Johnson,Oncologist,Private Practice,9,NC,Tiffanyberg,49379,anna.johnson@fernandez-martin.com,706-672-7520,T05,73,7,2023-01-01
HCP00290,Thomas,Roberts,Psychiatrist,Hospital,1,TN,Port Annette,58448,thomas.roberts@norris-dennis.com,(781)340-6937,T07,47,8,2023-01-01
HCP00291,Mark,Franklin,Gastroenterologist,Private Practice,25,MO,New Alicia,36929,mark.franklin@johnson.info,+1-818-763-7599x80562,T04,75,5,2023-01-01
HCP00292,Paul,Smith,Primary Care,Health System,23,FL,Michaelmouth,74036,paul.smith@lewis.biz,942.766.2991x234,T07,79,10,2023-01-01
HCP00293,Carl,Choi,Geriatrician,Hospital,28,CA,Davischester,84230,carl.choi@perry-peters.org,001-923-526-4870x49478,T08,72,6,2023-01-01
HCP00294,Anthony,Smith,Endocrinologist,Clinic,28,MD,Kevinfort,16777,anthony.smith@wade.com,8146719597,T07,63,4,2023-01-01
HCP00295,Courtney,Alvarez,Geriatrician,Medical Center,19,NY,West Williamshire,02800,courtney.alvarez@martin-brown.com,325.520.4565x044,T07,82,4,2023-01-01
HCP00296,Katie,White,Cardiologist,Clinic,11,WI,New Karenside,42785,katie.white@serrano-cohen.com,951-889-5202x845,T08,71,5,2023-01-01
HCP00297,Matthew,Bartlett,Geriatrician,Clinic,6,AZ,East Ericbury,25197,matthew.bartlett@austin.net,001-781-467-1120x754,T02,77,6,2023-01-01
HCP00298,Lisa,Preston,Neurologist,Medical Center,26,IN,Geraldport,04270,lisa.preston@olsen.com,001-834-223-2161x107,T02,85,4,2023-01-01
HCP00299,James,Johnson,Pulmonologist,Clinic,22,GA,South Davidview,06173,james.johnson@turner.com,493-693-2501,T06,65,4,2023-01-01
HCP00300,Stacy,Bailey,Gastroenterologist,Hospital,33,NY,Port Vincent,95994,stacy.bailey@allen.org,001-408-933-4280x13875,T09,63,6,2023-01-01
HCP00301,Emily,Rodriguez,Primary Care,Private Practice,23,VA,Tinachester,28586,emily.rodriguez@perez.com,318.827.5480x157,T03,81,4,2023-01-01
HCP00302,Justin,Burke,Neurologist,Hospital,10,NC,Gloriamouth,30106,justin.burke@russell.com,852.307.1678x1126,T04,83,8,2023-01-01
HCP00303,Judith,Stafford,Gastroenterologist,Health System,10,FL,North Michael,26595,judith.stafford@gonzalez-anthony.biz,736-974-9946,T03,76,9,2023-01-01
HCP00304,Elizabeth,Clements,Pediatrician,Medical Center,30,MD,Dixonberg,60090,elizabeth.clements@martinez.info,820.710.1702,T10,58,3,2023-01-01
HCP00305,Eric,Howell,Rheumatologist,Health System,21,NJ,Port Charleshaven,65013,eric.howell@harris-bates.info,948.958.8006x16756,T03,43,8,2023-01-01
HCP00306,Barry,Thompson,Rheumatologist,Hospital,31,MA,Nicoleburgh,64920,barry.thompson@taylor-baldwin.info,001-619-978-8977x82806,T05,79,5,2023-01-01
HCP00307,Brittany,Gray,Oncologist,Health System,4,VA,Katieport,42507,brittany.gray@johnson.com,(259)505-6165x565,T09,74,3,2023-01-01
HCP00308,John,Wong,Endocrinologist,Clinic,30,MA,Lake Cameronport,15504,john.wong@jackson-ryan.com,869.786.4079x056,T01,100,6,2023-01-01
HCP00309,Ashley,Stokes,Cardiologist,Clinic,19,FL,Lake Emilymouth,65608,ashley.stokes@cain.com,(863)571-8344x049,T02,71,7,2023-01-01
HCP00310,Claudia,Rubio,Internal Medicine,Health System,33,WA,New Matthewland,74743,claudia.rubio@alvarez.com,246.485.3664x98782,T08,77,6,2023-01-01
HCP00311,Barbara,Lewis,Internal Medicine,Health System,3,MA,Adamsside,81034,barbara.lewis@michael-barber.com,635.672.3246x65136,T10,58,6,2023-01-01
HCP00312,Debbie,Scott,Pediatrician,Private Practice,21,WI,South John,20156,debbie.scott@johnson.info,486.260.3242x0448,T08,98,8,2023-01-01
HCP00313,Tamara,Tucker,Primary Care,Private Practice,4,MA,North Micheleland,41645,tamara.tucker@evans.com,+1-316-523-1981x89847,T02,93,4,2023-01-01
HCP00314,Carol,Mejia,Psychiatrist,Hospital,33,IL,Markshire,97132,carol.mejia@shaffer-manning.biz,221.923.4764,T01,55,5,2023-01-01
HCP00315,Amanda,Lyons,Neurologist,Medical Center,29,IN,West Amyfort,89988,amanda.lyons@richmond.com,354.509.0034x8645,T09,70,8,2023-01-01
HCP00316,Mia,Price,Internal Medicine,Private Practice,24,VA,Penningtonview,39939,mia.price@mayer.com,927.856.0417,T05,44,9,2023-01-01
HCP00317,Sara,Cook,Pulmonologist,Medical Center,22,WI,Mcdowellville,21517,sara.cook@green.net,001-357-300-2720x6345,T01,67,5,2023-01-01
HCP00318,Eric,Black,Pediatrician,Clinic,5,NJ,Port Brooke,54281,eric.black@hayes-russo.com,529-254-3165x266,T02,54,2,2023-01-01
HCP00319,Stacy,Leblanc,Primary Care,Medical Center,19,NC,North Terri,26488,stacy.leblanc@haynes-jackson.biz,+1-869-942-1529x108,T10,82,6,2023-01-01
HCP00320,Margaret,Snyder,Gastroenterologist,Clinic,6,MD,Lake James,35392,margaret.snyder@francis-reyes.biz,293.643.6262,T03,50,3,2023-01-01
HCP00321,Theresa,Young,Psychiatrist,Clinic,26,PA,Solomonstad,76903,theresa.young@holland.com,001-763-566-9411x800,T10,64,9,2023-01-01
HCP00322,Thomas,Gomez,Geriatrician,Hospital,20,MO,North Jonfurt,40151,thomas.gomez@lambert-anderson.net,4923428757,T07,66,2,2023-01-01
HCP00323,Logan,Moreno,Pediatrician,Clinic,9,IN,West Darryl,06289,logan.moreno@porter.com,(244)594-8562x57287,T02,66,5,2023-01-01
HCP00324,Edgar,Hall,Pediatrician,Medical Center,33,VA,South Jorgemouth,57704,edgar.hall@carney.com,658.477.7121x513,T01,29,5,2023-01-01
HCP00325,Mary,Brady,Psychiatrist,Clinic,12,OH,Annashire,28340,mary.brady@bolton.com,(413)271-5041x65915,T06,66,7,2023-01-01
HCP00326,Christopher,Rivas,Rheumatologist,Private Practice,15,PA,Gibsonview,78384,christopher.rivas@smith.info,692-430-4501x89616,T03,97,8,2023-01-01
HCP00327,John,Wise,Endocrinologist,Clinic,7,IN,Davisborough,21857,john.wise@chan-mitchell.com,747-564-9251,T09,65,3,2023-01-01
HCP00328,Tracy,Mcclure,Geriatrician,Health System,3,NJ,Adamschester,12326,tracy.mcclure@shepherd-austin.biz,+1-661-908-5732x7881,T10,100,6,2023-01-01
HCP00329,Samuel,Solomon,Gastroenterologist,Health System,25,PA,Evansberg,90195,samuel.solomon@skinner-mills.com,001-808-310-8186,T03,70,5,2023-01-01
HCP00330,Steven,Cortez,Gastroenterologist,Health System,11,MA,Michaelshire,11218,steven.cortez@smith.com,(501)464-5977x9452,T01,72,5,2023-01-01
HCP00331,Christian,Hendrix,Pulmonologist,Clinic,16,MA,Monicaville,57359,christian.hendrix@smith.info,469.274.9956x412,T10,61,4,2023-01-01
HCP00332,James,Cabrera,Oncologist,Medical Center,15,MO,Port Anthony,63561,james.cabrera@thomas.net,414.472.7601,T04,69,4,2023-01-01
HCP00333,Joanne,Wallace,Oncologist,Medical Center,13,VA,Ruizmouth,77207,joanne.wallace@harris.biz,6502166799,T10,59,6,2023-01-01
HCP00334,Tony,Tucker,Rheumatologist,Medical Center,19,WA,Hallton,69747,tony.tucker@henderson.net,846-271-7957,T09,66,9,2023-01-01
HCP00335,Evan,Barber,Primary Care,Medical Center,11,OH,Cooperbury,67037,evan.barber@matthews.com,+1-372-946-6572x934,T10,30,8,2023-01-01
HCP00336,David,Gonzalez,Gastroenterologist,Clinic,4,TN,Garciachester,65214,david.gonzalez@young-hawkins.com,(545)322-8015x619,T06,88,1,2023-01-01
HCP00337,Anna,Tucker,Primary Care,Hospital,34,NY,Kristenton,73511,anna.tucker@kemp-castaneda.net,+1-310-477-1199x180,T05,64,5,2023-01-01
HCP00338,Crystal,Pitts,Endocrinologist,Private Practice,18,MA,Ericport,93321,crystal.pitts@gill-jimenez.com,(555)921-3760,T09,48,4,2023-01-01
HCP00339,Matthew,Wagner,Gastroenterologist,Medical Center,6,GA,West Nathanchester,47771,matthew.wagner@ortega.biz,926.466.7850,T08,53,9,2023-01-01
HCP00340,Kayla,Robbins,Psychiatrist,Hospital,27,TX,North Matthewfurt,22039,kayla.robbins@brown-malone.com,001-708-246-6845,T07,84,8,2023-01-01
HCP00341,Margaret,Mccullough,Primary Care,Clinic,16,WA,Lake Richard,84895,margaret.mccullough@clay.org,+1-675-563-4108x5628,T02,80,3,2023-01-01
HCP00342,Christopher,Arnold,Psychiatrist,Private Practice,2,NJ,Katherineburgh,03570,christopher.arnold@zamora.org,234-368-1054x851,T02,62,6,2023-01-01
HCP00343,Shane,Armstrong,Geriatrician,Clinic,10,PA,South Matthewbury,98249,shane.armstrong@cunningham.net,+1-535-744-9268x315,T01,51,7,2023-01-01
HCP00344,Shawn,Thomas,Oncologist,Medical Center,9,TN,Pooleland,12592,shawn.thomas@coleman.info,871.658.6988,T08,66,5,2023-01-01
HCP00345,Breanna,Fields,Internal Medicine,Hospital,6,CA,Barkerfort,96408,breanna.fields@colon-thomas.com,372.888.1377x0285,T05,80,6,2023-01-01
HCP00346,Daniel,Wood,Neurologist,Private Practice,34,AZ,Billyberg,15933,daniel.wood@torres-brooks.com,302.729.6044x3270,T02,64,8,2023-01-01
HCP00347,Carlos,Williams,Oncologist,Private Practice,20,NY,Berryshire,59794,carlos.williams@harrington-alvarez.org,(828)877-7251,T01,53,7,2023-01-01
HCP00348,Jesse,Foster,Neurologist,Medical Center,30,FL,Lake Pamelaview,85162,jesse.foster@cline.com,001-248-518-1398,T02,78,5,2023-01-01
HCP00349,Karen,Shaw,Rheumatologist,Health System,35,CA,North Dominiqueside,24060,karen.shaw@hill.com,001-797-818-9569x070,T09,74,3,2023-01-01
HCP00350,Henry,Johnson,Internal Medicine,Private Practice,10,MI,Patrickland,15527,henry.johnson@weaver.com,(741)424-6209,T07,83,5,2023-01-01
HCP00351,Anthony,Brown,Cardiologist,Health System,23,GA,Garciaberg,54610,anthony.brown@scott-david.com,8333993788,T10,62,8,2023-01-01
HCP00352,Joseph,Flores,Pulmonologist,Private Practice,6,IN,Jonestown,53912,joseph.flores@hall.org,+1-413-582-4967x18325,T06,59,3,2023-01-01
HCP00353,Amanda,Henderson,Endocrinologist,Health System,35,IN,Williamsmouth,81861,amanda.henderson@delgado-jackson.com,349.646.5398x4028,T09,46,7,2023-01-01
HCP00354,Christopher,Hale,Primary Care,Hospital,25,TN,Lake Angela,37130,christopher.hale@clark-wagner.com,+1-254-974-3553x79502,T01,50,9,2023-01-01
HCP00355,Adam,Smith,Pediatrician,Medical Center,24,NC,South Angela,91791,adam.smith@burns.com,+1-407-215-6956,T01,38,9,2023-01-01
HCP00356,David,Wood,Psychiatrist,Hospital,23,GA,South Albert,97906,david.wood@chang.com,619.943.3750,T02,73,5,2023-01-01
HCP00357,Rebecca,Mann,Internal Medicine,Clinic,9,TX,North James,84182,rebecca.mann@rodriguez-ramirez.net,628.539.9921x9212,T06,61,6,2023-01-01
HCP00358,Nicole,Daniel,Primary Care,Clinic,12,MA,Jamestown,91332,nicole.daniel@patel.info,9609566418,T08,69,8,2023-01-01
HCP00359,Michael,Blake,Pediatrician,Private Practice,9,FL,North Joshua,55559,michael.blake@cole.com,001-603-361-3325,T08,71,6,2023-01-01
HCP00360,Connie,Davis,Cardiologist,Clinic,13,TX,Reynoldstown,78165,connie.davis@mcconnell.info,950.358.3199,T04,64,5,2023-01-01
HCP00361,Colleen,Riley,Cardiologist,Clinic,20,IN,North Sabrinafurt,41563,colleen.riley@brown.info,6498611080,T07,74,2,2023-01-01
HCP00362,Richard,Williamson,Primary Care,Medical Center,17,TX,Halltown,59930,richard.williamson@marshall-patterson.org,+1-315-507-8593x110,T04,49,7,2023-01-01
HCP00363,Rebecca,Martinez,Oncologist,Clinic,4,NJ,Michaelfort,95478,rebecca.martinez@wallace.com,(449)468-5498,T05,72,5,2023-01-01
HCP00364,Terrance,Morrison,Endocrinologist,Clinic,28,WA,Migueltown,68354,terrance.morrison@sandoval.net,9659333153,T08,70,6,2023-01-01
HCP00365,Carol,Rivera,Pulmonologist,Clinic,12,TN,Christinachester,43573,carol.rivera@garcia.info,703.837.9337,T08,61,4,2023-01-01
HCP00366,Jamie,Lopez,Psychiatrist,Health System,18,FL,West Alejandrostad,04435,jamie.lopez@wilson.org,001-450-503-3423x42583,T07,72,4,2023-01-01
HCP00367,Andrew,Cameron,Endocrinologist,Medical Center,12,MO,North Marieberg,50167,andrew.cameron@cobb.com,535.552.8961x122,T05,76,2,2023-01-01
HCP00368,Amanda,Benson,Psychiatrist,Hospital,6,NJ,Carolbury,06555,amanda.benson@matthews.com,830-742-8973x17912,T05,85,6,2023-01-01
HCP00369,Victor,Marshall,Oncologist,Medical Center,28,IL,Jenniferhaven,91531,victor.marshall@baldwin-simpson.com,001-869-503-3373,T08,73,7,2023-01-01
HCP00370,Kevin,Oneal,Psychiatrist,Medical Center,3,VA,Port Neil,72662,kevin.oneal@taylor.com,985.839.0789x567,T10,94,8,2023-01-01
HCP00371,Robert,Ballard,Pulmonologist,Clinic,4,FL,Joshuatown,24037,robert.ballard@hall-brewer.com,348-388-1431,T07,42,3,2023-01-01
HCP00372,Michael,Payne,Psychiatrist,Health System,11,CA,Jamesmouth,33272,michael.payne@mcgee-mack.com,892.884.0445,T03,60,6,2023-01-01
HCP00373,Lydia,Todd,Internal Medicine,Medical Center,3,PA,South Destinyberg,52602,lydia.todd@perez.com,538.998.7751x5366,T02,77,4,2023-01-01
HCP00374,Shannon,Hansen,Neurologist,Clinic,24,WA,Donberg,40552,shannon.hansen@smith.com,266.468.4590,T10,72,4,2023-01-01
HCP00375,Eric,Cisneros,Cardiologist,Health System,10,MA,Ashleyshire,51735,eric.cisneros@harris-myers.net,(237)915-9741x2182,T06,60,3,2023-01-01
HCP00376,Anthony,Gonzalez,Psychiatrist,Medical Center,5,MD,Campbellbury,38656,anthony.gonzalez@warren.com,(956)362-1286,T03,56,3,2023-01-01
HCP00377,Paul,Berger,Primary Care,Clinic,26,NJ,East Monica,41101,paul.berger@meyers-ortega.com,+1-394-893-8743x027,T05,55,8,2023-01-01
HCP00378,Cassidy,Wright,Neurologist,Hospital,2,IL,Reneefort,60820,cassidy.wright@johnston-mclaughlin.com,+1-875-446-9263x2967,T08,55,10,2023-01-01
HCP00379,Holly,Davis,Primary Care,Medical Center,8,NC,East Nicoleburgh,36385,holly.davis@medina.com,568.215.1185x6724,T05,77,6,2023-01-01
HCP00380,Steven,Jones,Geriatrician,Medical Center,14,WI,Jamesfurt,25981,steven.jones@johnson-king.com,277-371-1837x27422,T05,57,7,2023-01-01
HCP00381,Gregory,Martinez,Geriatrician,Medical Center,13,NY,Jacksontown,89286,gregory.martinez@hernandez-howard.com,001-208-237-0816x470,T03,61,6,2023-01-01
HCP00382,Kelsey,Wang,Endocrinologist,Medical Center,12,MA,West Regina,26713,kelsey.wang@smith.com,531-531-2206x81558,T02,100,5,2023-01-01
HCP00383,Sarah,Foster,Pediatrician,Clinic,23,FL,Martinezborough,14379,sarah.foster@morris-smith.com,2633731495,T09,87,4,2023-01-01
HCP00384,Nicole,Jenkins,Primary Care,Clinic,20,IL,Birdville,93893,nicole.jenkins@moody.com,395-762-5257,T03,69,9,2023-01-01
HCP00385,Andres,Barr,Psychiatrist,Health System,15,NY,Reyesbury,66485,andres.barr@bush.com,836-539-1025x7432,T04,60,9,2023-01-01
HCP00386,Dawn,Young,Gastroenterologist,Private Practice,32,CA,Stevensonmouth,18099,dawn.young@stewart-buchanan.com,864.703.5533x80339,T06,80,4,2023-01-01
HCP00387,Isaiah,Soto,Primary Care,Health System,24,MA,Port Travisborough,07330,isaiah.soto@braun.com,001-483-538-1674,T09,79,7,2023-01-01
HCP00388,John,Thompson,Gastroenterologist,Health System,6,FL,West Justin,59256,john.thompson@harris.com,(862)377-6896x2706,T05,79,2,2023-01-01
HCP00389,Katherine,Dorsey,Pulmonologist,Medical Center,34,AZ,New Jessica,34224,katherine.dorsey@ford-chavez.biz,+1-597-215-2732,T07,59,5,2023-01-01
HCP00390,Alexander,Mason,Internal Medicine,Hospital,9,NJ,Travischester,52228,alexander.mason@brooks.org,660-716-9236,T02,68,7,2023-01-01
HCP00391,William,Burns,Rheumatologist,Medical Center,34,VA,Heatherfurt,56080,william.burns@wright.com,+1-302-349-7243x9920,T03,72,3,2023-01-01
HCP00392,Dawn,Rangel,Primary Care,Health System,12,PA,Mccarthyland,68466,dawn.rangel@liu.biz,448-686-9461x195,T07,75,7,2023-01-01
HCP00393,Kaitlyn,Conrad,Primary Care,Hospital,8,IN,Haletown,22573,kaitlyn.conrad@smith-jones.biz,964.562.2522x37281,T03,78,8,2023-01-01
HCP00394,Jacob,Brown,Oncologist,Private Practice,11,NJ,Port Katherine,34494,jacob.brown@alexander-durham.com,+1-921-941-6141x5093,T04,82,6,2023-01-01
HCP00395,Emily,Garcia,Psychiatrist,Health System,19,FL,West Karentown,87706,emily.garcia@mccormick.com,(598)747-7596x5555,T05,68,2,2023-01-01
HCP00396,Elizabeth,Gray,Neurologist,Health System,18,PA,West Morganville,00905,elizabeth.gray@harrell-morales.com,9918843579,T05,76,6,2023-01-01
HCP00397,Donna,Smith,Internal Medicine,Health System,6,IN,Allenstad,06498,donna.smith@nguyen.biz,001-291-456-7164x9328,T03,74,3,2023-01-01
HCP00398,Tyler,Miller,Internal Medicine,Health System,10,IL,Jacksonmouth,15663,tyler.miller@bates-allen.com,(511)660-2564,T10,53,8,2023-01-01
HCP00399,Elizabeth,Lynn,Geriatrician,Health System,22,MD,Lake Derekside,83541,elizabeth.lynn@vasquez.com,001-591-656-6863,T01,69,7,2023-01-01
HCP00400,Darrell,Miller,Cardiologist,Hospital,3,MD,West Joyborough,98099,darrell.miller@berry.com,(590)340-9836x6552,T05,70,6,2023-01-01
HCP00401,Randall,Medina,Pediatrician,Private Practice,27,WI,Stewartport,29193,randall.medina@frazier-hernandez.com,(909)554-8149,T01,84,4,2023-01-01
HCP00402,Troy,Padilla,Rheumatologist,Health System,19,MI,Brownmouth,20515,troy.padilla@clark.com,001-827-364-2086x56756,T08,71,5,2023-01-01
HCP00403,Allison,Campbell,Neurologist,Medical Center,20,MA,Lake Melissa,52113,allison.campbell@anderson.com,001-547-229-2774x233,T02,63,5,2023-01-01
HCP00404,Michael,Chase,Geriatrician,Hospital,11,MA,Lake Kristenberg,49856,michael.chase@shelton-jackson.com,857-420-1859,T07,73,5,2023-01-01
HCP00405,Courtney,Powell,Rheumatologist,Medical Center,14,NJ,North Johnfort,40175,courtney.powell@carlson.com,001-276-947-5011x11783,T10,88,4,2023-01-01
HCP00406,Joshua,Mcgee,Gastroenterologist,Clinic,21,VA,South Todd,84989,joshua.mcgee@hamilton.com,001-382-560-6888x718,T07,67,5,2023-01-01
HCP00407,Tammy,Merritt,Gastroenterologist,Clinic,33,MO,Port Carol,24085,tammy.merritt@peters.com,3293321840,T02,91,6,2023-01-01
HCP00408,William,Cox,Psychiatrist,Private Practice,30,NY,South Tiffany,86767,william.cox@wright.net,387-229-7585x9883,T05,85,3,2023-01-01
HCP00409,Joel,Lopez,Rheumatologist,Private Practice,10,NY,Melissaborough,18091,joel.lopez@arnold.org,(518)344-6267x14628,T01,74,7,2023-01-01
HCP00410,Crystal,Adams,Oncologist,Medical Center,27,GA,Lake Nathan,86656,crystal.adams@hoover.com,766-309-3141x81861,T03,71,8,2023-01-01
HCP00411,Michael,Cook,Psychiatrist,Health System,21,OH,Dustinbury,36368,michael.cook@garcia.biz,712-684-9718,T03,62,8,2023-01-01
HCP00412,Andrea,Lawson,Rheumatologist,Health System,30,TN,East Louisfurt,24182,andrea.lawson@shaffer-byrd.net,+1-496-479-2408,T05,100,5,2023-01-01
HCP00413,Douglas,Bradley,Rheumatologist,Hospital,6,WA,Brianstad,93234,douglas.bradley@gregory.info,(575)678-4468,T09,63,8,2023-01-01
HCP00414,Cynthia,Miller,Rheumatologist,Private Practice,14,MD,Richardmouth,12315,cynthia.miller@miller.com,001-401-948-7068,T06,93,4,2023-01-01
HCP00415,Tyler,Jennings,Cardiologist,Hospital,19,TN,South Alexanderborough,98269,tyler.jennings@klein.net,001-753-489-0972x8321,T10,63,5,2023-01-01
HCP00416,Willie,Farley,Pediatrician,Medical Center,19,MO,Simpsonburgh,49428,willie.farley@morgan.com,+1-814-547-4430,T01,49,4,2023-01-01
HCP00417,Sandra,Hickman,Endocrinologist,Medical Center,9,NC,South Patriciafort,08037,sandra.hickman@smith-stevens.com,(310)452-6501x673,T06,54,4,2023-01-01
HCP00418,Robert,Gentry,Pulmonologist,Clinic,3,WA,East Kaylaview,30135,robert.gentry@foster-evans.biz,(884)217-7225,T01,69,6,2023-01-01
HCP00419,Michael,Harrell,Internal Medicine,Health System,13,VA,North Jake,05777,michael.harrell@foster.com,9234741678,T09,93,4,2023-01-01
HCP00420,Mark,Duran,Oncologist,Hospital,25,IN,Shawfurt,17726,mark.duran@rosario.com,(258)803-0569,T08,84,5,2023-01-01
HCP00421,Timothy,Campbell,Primary Care,Clinic,8,PA,Port Royberg,96085,timothy.campbell@lopez.com,001-536-337-1892x392,T02,69,7,2023-01-01
HCP00422,David,Johnson,Pulmonologist,Clinic,22,MO,East Ronald,81302,david.johnson@davis.biz,(684)733-5670x86041,T06,53,6,2023-01-01
HCP00423,Juan,Bell,Gastroenterologist,Private Practice,33,WA,Wrightton,24323,juan.bell@smith.com,947.749.1624,T09,72,6,2023-01-01
HCP00424,Matthew,Rodriguez,Cardiologist,Hospital,3,PA,Lake Andreaberg,43913,matthew.rodriguez@figueroa-ward.org,595.534.3961x12910,T06,74,10,2023-01-01
HCP00425,Janet,Schaefer,Rheumatologist,Health System,30,PA,New Christineport,95574,janet.schaefer@mayo-harris.com,9233684855,T10,60,4,2023-01-01
HCP00426,Rhonda,Jones,Primary Care,Private Practice,21,WI,Millshaven,03368,rhonda.jones@greene.com,809-803-6788x1278,T06,60,4,2023-01-01
HCP00427,Richard,Nelson,Gastroenterologist,Medical Center,20,MD,North Ernest,29049,richard.nelson@horton.info,684.243.4481x23083,T06,60,8,2023-01-01
HCP00428,Danielle,Mcmahon,Primary Care,Health System,35,TN,Saraview,07253,danielle.mcmahon@whitney.com,8596551842,T10,91,4,2023-01-01
HCP00429,Mark,Brown,Oncologist,Medical Center,2,VA,Port Michaelview,23666,mark.brown@bonilla-medina.org,664-598-3735,T06,57,6,2023-01-01
HCP00430,Bonnie,Morton,Pediatrician,Hospital,27,MD,Moorebury,96158,bonnie.morton@hamilton.info,(272)623-9724,T05,61,7,2023-01-01
HCP00431,Frank,Thompson,Geriatrician,Hospital,31,NC,Mcdanielborough,09604,frank.thompson@jones.info,+1-261-482-0916x6010,T10,73,2,2023-01-01
HCP00432,John,Miller,Internal Medicine,Private Practice,4,MD,Lake Carol,01732,john.miller@daniels.com,427.597.2457,T08,93,9,2023-01-01
HCP00433,Brian,Holt,Gastroenterologist,Health System,25,PA,North Malloryville,71888,brian.holt@garcia-tanner.biz,(603)503-6625,T04,60,5,2023-01-01
HCP00434,Sandra,Cohen,Cardiologist,Health System,8,OH,South Gavinville,29929,sandra.cohen@huber.com,495-815-1092,T01,74,6,2023-01-01
HCP00435,Alyssa,Greene,Rheumatologist,Clinic,27,PA,Hernandezport,82389,alyssa.greene@bailey-garcia.info,+1-854-610-2252x67711,T07,79,10,2023-01-01
HCP00436,Duane,Morris,Geriatrician,Private Practice,27,IN,East Katrina,46718,duane.morris@snyder-olson.biz,+1-552-836-6878x878,T10,67,4,2023-01-01
HCP00437,Christopher,Espinoza,Rheumatologist,Hospital,9,IN,Lake Christopher,47910,christopher.espinoza@harris.com,+1-972-410-5524,T04,49,4,2023-01-01
HCP00438,Mary,Arnold,Primary Care,Clinic,31,IN,Sanchezbury,07823,mary.arnold@taylor.biz,001-706-450-1917x9202,T07,69,9,2023-01-01
HCP00439,Christian,Jones,Psychiatrist,Private Practice,30,MO,Hernandezburgh,62074,christian.jones@taylor.info,(857)804-1200x92820,T06,62,6,2023-01-01
HCP00440,Erin,Liu,Primary Care,Clinic,17,WI,Samanthahaven,40613,erin.liu@perez.com,962.736.9036x28917,T08,69,8,2023-01-01
HCP00441,Denise,Sullivan,Neurologist,Private Practice,18,MO,Martinstad,85258,denise.sullivan@lee-rodriguez.com,(295)603-4281x139,T05,100,4,2023-01-01
HCP00442,Jacob,Harris,Neurologist,Clinic,19,OH,East Josephshire,74530,jacob.harris@elliott.com,5517405468,T08,62,8,2023-01-01
HCP00443,Karen,Swanson,Psychiatrist,Medical Center,23,MO,Lake Emily,43927,karen.swanson@mosley-gordon.net,001-520-596-7904x22711,T05,80,9,2023-01-01
HCP00444,Lindsey,Pena,Oncologist,Hospital,35,WA,New Zachary,96015,lindsey.pena@curtis.com,945-396-0633x99129,T07,78,5,2023-01-01
HCP00445,Linda,Thomas,Psychiatrist,Private Practice,19,TX,Amyland,65894,linda.thomas@gibson.com,(914)695-5112,T05,78,8,2023-01-01
HCP00446,Valerie,Good,Geriatrician,Hospital,23,MA,Santosberg,16749,valerie.good@freeman.biz,+1-627-258-9551x687,T05,82,7,2023-01-01
HCP00447,Christine,Schneider,Geriatrician,Medical Center,14,OH,Lake Lori,01542,christine.schneider@farrell.biz,(996)913-6715,T09,86,8,2023-01-01
HCP00448,Dawn,Mccullough,Oncologist,Health System,18,PA,Rodriguezburgh,96416,dawn.mccullough@lowery.biz,965.315.5973,T02,90,7,2023-01-01
HCP00449,Joshua,Johnson,Internal Medicine,Health System,16,GA,South Dustin,28480,joshua.johnson@carroll-huerta.biz,6566730306,T01,67,6,2023-01-01
HCP00450,Cynthia,Miller,Pediatrician,Health System,15,GA,West Richardport,93851,cynthia.miller@savage-warren.com,(801)965-4235,T01,88,4,2023-01-01
HCP00451,Thomas,Barker,Endocrinologist,Medical Center,22,TN,Lake Samuel,91320,thomas.barker@price.org,919.492.5502,T02,75,5,2023-01-01
HCP00452,Victor,Stewart,Pediatrician,Private Practice,1,MO,Bakertown,59556,victor.stewart@walters.org,503-736-8296,T03,70,8,2023-01-01
HCP00453,Jason,Lee,Pulmonologist,Medical Center,31,OH,West Lisatown,40077,jason.lee@shaw-parrish.info,+1-876-765-5868x5127,T05,72,6,2023-01-01
HCP00454,Gregory,Larson,Psychiatrist,Clinic,4,FL,Jameschester,83614,gregory.larson@park-pace.com,311-909-6179,T10,49,7,2023-01-01
HCP00455,Wesley,Shaffer,Neurologist,Health System,3,IL,Melissaborough,29714,wesley.shaffer@arnold-wilson.info,657-666-0538,T07,79,10,2023-01-01
HCP00456,Nichole,Baker,Gastroenterologist,Hospital,26,TN,Nuneztown,54837,nichole.baker@smith.com,895.452.9638x63960,T03,65,6,2023-01-01
HCP00457,Sheila,Myers,Geriatrician,Clinic,3,CA,South Rebecca,68301,sheila.myers@kim.com,419.264.8253x11060,T05,73,9,2023-01-01
HCP00458,Christine,Stephens,Internal Medicine,Health System,7,NJ,New Patrickberg,59969,christine.stephens@welch.com,338-936-4041x2091,T05,68,6,2023-01-01
HCP00459,Sara,Martinez,Rheumatologist,Health System,34,TN,West Jose,24176,sara.martinez@jones.com,(417)406-1713x6657,T03,79,6,2023-01-01
HCP00460,Kent,Berger,Primary Care,Medical Center,18,OH,North Theresastad,63928,kent.berger@greene.com,539-708-0882,T02,63,6,2023-01-01
HCP00461,Danny,Robinson,Psychiatrist,Private Practice,30,NC,Dillonland,95887,danny.robinson@case.com,(684)877-6863x423,T03,86,3,2023-01-01
HCP00462,Curtis,Mcguire,Cardiologist,Clinic,19,MD,Gabrielborough,95142,curtis.mcguire@hamilton-griffin.org,001-945-491-9663x9551,T04,71,4,2023-01-01
HCP00463,Pamela,Rubio,Gastroenterologist,Health System,26,AZ,Brendaport,79653,pamela.rubio@clements.com,(756)425-3135,T09,87,2,2023-01-01
HCP00464,Kimberly,Martinez,Psychiatrist,Hospital,26,NY,Haleymouth,28520,kimberly.martinez@bradley-morris.com,+1-616-349-3831,T03,61,6,2023-01-01
HCP00465,Audrey,Lucas,Gastroenterologist,Medical Center,21,GA,Stewartmouth,26472,audrey.lucas@williams.info,8465117295,T01,93,5,2023-01-01
HCP00466,Barbara,Mitchell,Oncologist,Medical Center,16,MA,South Justinfurt,05351,barbara.mitchell@hull.com,216.844.5561x8579,T05,61,9,2023-01-01
HCP00467,Kenneth,Riggs,Psychiatrist,Clinic,1,NC,Allisonville,49509,kenneth.riggs@garcia.com,256-232-1358,T06,48,1,2023-01-01
HCP00468,Jordan,Glover,Geriatrician,Private Practice,4,NY,North Staceyland,35068,jordan.glover@watts-conner.biz,322-597-1252x967,T08,76,4,2023-01-01
HCP00469,Becky,Stanley,Oncologist,Private Practice,26,IN,Marcfort,30101,becky.stanley@baker.com,(883)531-1703x037,T05,54,7,2023-01-01
HCP00470,Tony,Peterson,Geriatrician,Hospital,19,VA,Kathleenport,93367,tony.peterson@rios-abbott.com,(535)367-9836,T10,73,4,2023-01-01
HCP00471,Joshua,Martin,Neurologist,Private Practice,9,TN,Stephanieshire,85485,joshua.martin@thomas.com,707.624.0787,T03,50,7,2023-01-01
HCP00472,David,Pierce,Rheumatologist,Health System,24,AZ,Ryanberg,52527,david.pierce@jordan.com,606-963-4362,T09,79,5,2023-01-01
HCP00473,April,Rodriguez,Rheumatologist,Health System,14,GA,Lake Johnville,29281,april.rodriguez@brown.org,531-681-4396x661,T10,97,3,2023-01-01
HCP00474,Tyler,Jackson,Endocrinologist,Health System,29,IN,West Dana,93018,tyler.jackson@roberts.org,843.725.1225x7207,T06,47,4,2023-01-01
HCP00475,Andrew,Mccann,Endocrinologist,Health System,8,TX,East Erintown,78358,andrew.mccann@montes-aguilar.info,471.400.9438,T09,69,6,2023-01-01
HCP00476,Kimberly,Garcia,Primary Care,Private Practice,35,PA,Shaunstad,72028,kimberly.garcia@alvarado-king.info,2544589714,T03,66,6,2023-01-01
HCP00477,Tiffany,Chase,Psychiatrist,Health System,29,NY,West Tyler,32530,tiffany.chase@figueroa.com,761.748.7824,T04,51,8,2023-01-01
HCP00478,Peter,Butler,Geriatrician,Health System,32,FL,Kyleton,76459,peter.butler@miles.info,001-654-410-7272,T09,68,8,2023-01-01
HCP00479,Kevin,Roberts,Rheumatologist,Hospital,30,PA,Alexiston,28986,kevin.roberts@petersen-martinez.info,306-650-0425x4882,T09,75,6,2023-01-01
HCP00480,Douglas,Quinn,Pulmonologist,Medical Center,4,MO,Richardsland,38617,douglas.quinn@johnson.com,+1-466-561-4494x29659,T08,78,6,2023-01-01
HCP00481,John,Butler,Pediatrician,Clinic,2,WA,West Kevin,39473,john.butler@ho.biz,828-975-8575,T05,79,8,2023-01-01
HCP00482,Robert,Jenkins,Cardiologist,Private Practice,5,TX,New Anthonychester,12091,robert.jenkins@gilbert.com,001-885-429-8940,T07,72,7,2023-01-01
HCP00483,Richard,Smith,Psychiatrist,Hospital,35,TX,Combsland,07669,richard.smith@gallegos-santos.com,+1-414-997-5019x803,T02,68,8,2023-01-01
HCP00484,Derek,Jacobson,Rheumatologist,Hospital,19,AZ,West Courtney,94760,derek.jacobson@shaffer.com,510-329-1813,T03,59,9,2023-01-01
HCP00485,Thomas,Wall,Gastroenterologist,Medical Center,24,WA,Myersville,39812,thomas.wall@webb-white.com,+1-449-479-1620,T08,69,3,2023-01-01
HCP00486,Lori,Sandoval,Pulmonologist,Medical Center,6,MO,New Judith,72155,lori.sandoval@alvarez.com,+1-619-975-4661x76620,T03,71,4,2023-01-01
HCP00487,David,Price,Pediatrician,Clinic,8,IL,Austinmouth,06088,david.price@estes-mcdonald.info,402-458-8358x681,T09,82,4,2023-01-01
HCP00488,Michael,Ball,Pulmonologist,Health System,9,GA,Stephenberg,36983,michael.ball@turner.info,(879)329-8842x5995,T01,63,2,2023-01-01
HCP00489,Brady,Christian,Cardiologist,Clinic,30,MO,East Colin,14423,brady.christian@villa-alvarez.com,001-731-226-6109x41017,T07,63,1,2023-01-01
HCP00490,Sandra,Morris,Primary Care,Medical Center,15,GA,Grayshire,73438,sandra.morris@gonzalez.info,+1-443-232-6831x90130,T08,46,7,2023-01-01
HCP00491,Michael,Russell,Psychiatrist,Private Practice,18,OH,West Jacobhaven,65535,michael.russell@collier.info,655.398.2176x61912,T02,81,6,2023-01-01
HCP00492,David,Hall,Cardiologist,Medical Center,2,GA,Andrewport,33450,david.hall@warner-jones.com,318-993-8984x6908,T04,55,5,2023-01-01
HCP00493,Sharon,Mercer,Endocrinologist,Hospital,3,MA,North Matthewview,26782,sharon.mercer@barron-brown.com,+1-750-337-1990,T10,69,3,2023-01-01
HCP00494,Stephanie,George,Pediatrician,Hospital,16,TX,New Timothyberg,35957,stephanie.george@williams.com,(274)830-0038x96087,T07,92,7,2023-01-01
HCP00495,Katie,Dominguez,Rheumatologist,Private Practice,35,OH,Milesside,18558,katie.dominguez@kim.com,(235)260-3319x036,T01,66,6,2023-01-01
HCP00496,Morgan,Wright,Gastroenterologist,Health System,19,GA,North Brianmouth,24171,morgan.wright@williams-bailey.com,529-967-1114x8375,T10,73,1,2023-01-01
HCP00497,Jennifer,Pugh,Psychiatrist,Health System,21,GA,Mistybury,69555,jennifer.pugh@flores-weaver.com,5566974132,T05,66,4,2023-01-01
HCP00498,Judy,Clark,Gastroenterologist,Health System,15,AZ,Jennyberg,05202,judy.clark@hale.info,307-204-4964,T05,54,5,2023-01-01
HCP00499,Joshua,Lynch,Oncologist,Hospital,12,AZ,Smithfurt,50919,joshua.lynch@williams-harris.com,+1-268-704-0850x95493,T09,96,7,2023-01-01
HCP00500,Jessica,Howell,Rheumatologist,Hospital,23,WA,Pattonton,14815,jessica.howell@hughes.net,669.698.4267x320,T09,61,7,2023-01-01
